"name","newText"
"tes3","BOOK FREE SITE VISIT"
"test4","GODREJ YELAHANKA"
"test5","AT Yelahanka, Bangalore"
"test6","By Godrej Properties"
"test7","Special Launch Offers Benefits"
"test8","<h3>Offers</h3>
                                <ul>
                                    <li>Special Launch Offers Benefits</li>
                                    <li>EOI Window Open Now</li>
                                    <li>A Smart Investment with High Returns</li>
                                </ul>"
"test9","EOI Window Open Now"
"test10","<h3>Offers</h3>
                                <ul>
                                    <li>Special Launch Offers Benefits</li>
                                    <li>EOI Window Open Now</li>
                                    <li>A Smart Investment with High Returns</li>
                                </ul>"
"test11","<li>Special Launch Offers Benefits</li>
                                    <li>EOI Window Open Now</li>
                                    <li>A Smart Investment with High Returns</li>"
"test12","A Smart Investment with High Returns"
"test53","OFFERS"
"test81","https://www.godrejyelahanka.in/images/desktopElevation1.jpg?v=1"
"teus","3, 3.5 &amp; 4.5 BHK Apartments
                                <br>
                                <span class=""lakh"">Starts ₹ 2.70 Cr* Onwards</span>"
"yesu","3, 3.5 &amp; 4.5 BHK Apartments
                                <br>
                                <span class=""lakh"">Starts ₹ 2.70 Cr* Onwards</span>"
"yesho","<h1>Godrej Yelahanka</h1>
                            <p>AT Yelahanka, Bangalore</p>
                            <p><span>By Godrej Properties</span></p>
                            <div class=""conf_wrap zoom-in-zoom-out"">
                                <h3>Offers</h3>
                                <ul>
                                    <li>Special Launch Offers Benefits</li>
                                    <li>EOI Window Open Now</li>
                                    <li>A Smart Investment with High Returns</li>
                                </ul>
                            </div>
                            <div class=""price"">3, 3.5 &amp; 4.5 BHK Apartments
                                <br>
                                <span class=""lakh"">Starts ₹ 2.70 Cr* Onwards</span>
                            </div>
                            <div class=""nav-link brochure_link"" href=""#"" data-bs-toggle=""modal"" data-bs-target=""#myModal"" data-title=""Enquire Now"" style=""background-color:#0068b4 !important; color:#fff !important;"">Enquire Now</div>

                            <div class=""conf_wrapNew"">
                                <h3>Project Highlights</h3>
                                <ul>
                                     <li>10 acres of land offering</li>
									<li>9 towers, 4 basement- G+15 Floors</li>
									<li>Dedicated Retail Block for Everyday</li>
                                    <li>Project is Opposite Oracle Office Space</li>
                                    <li>840 Luxury Residences with Double The Amenities</li>
                                </ul>
                            </div>
                            <div class=""buttonGroup"">
                                <div class=""cta_topNew mr20""> <a href=""#"" data-bs-toggle=""modal"" data-bs-target=""#myModal"" data-title=""Download Brochure"">Download Brochure</a></div>
                                <div class=""cta_topNew""> <a href=""#"" data-bs-toggle=""modal"" data-bs-target=""#myModal"" data-title=""Book Site Visit Now"">Book Site Visit Now</a></div>
                            </div>

                           <!--  <div class=""buttonGroup"">

                            <div class=""nav-link brochure_link"" href=""#"" data-bs-toggle=""modal"" data-bs-target=""#myModal"" data-title=""3"">Book Now</div>

                            <div class=""nav-link brochure_link"" href=""#"" data-bs-toggle=""modal"" data-bs-target=""#myModal"" data-title=""4"">Book Now</div>


                            </div> -->"
"ykiej","9 towers, 4 basement- G+15 Floors"
"iwk","10 acres of land offering"
"kjwd","Dedicated Retail Block for Everyday"
"wrj","Project is Opposite Oracle Office Space"
"wejw","<li>10 acres of land offering</li>
									<li>9 towers, 4 basement- G+15 Floors</li>
									<li>Dedicated Retail Block for Everyday</li>
                                    <li>Project is Opposite Oracle Office Space</li>
                                    <li>840 Luxury Residences with Double The Amenities</li>"
"wjew","<h1>Godrej Yelahanka</h1>
                            <p>AT Yelahanka, Bangalore</p>
                            <p><span>By Godrej Properties</span></p>
                            <div class=""conf_wrap zoom-in-zoom-out"">
                                <h3>Offers</h3>
                                <ul>
                                    <li>Special Launch Offers Benefits</li>
                                    <li>EOI Window Open Now</li>
                                    <li>A Smart Investment with High Returns</li>
                                </ul>
                            </div>
                            <div class=""price"">3, 3.5 &amp; 4.5 BHK Apartments
                                <br>
                                <span class=""lakh"">Starts ₹ 2.70 Cr* Onwards</span>
                            </div>
                            <div class=""nav-link brochure_link"" href=""#"" data-bs-toggle=""modal"" data-bs-target=""#myModal"" data-title=""Enquire Now"" style=""background-color:#0068b4 !important; color:#fff !important;"">Enquire Now</div>

                            <div class=""conf_wrapNew"">
                                <h3>Project Highlights</h3>
                                <ul>
                                     <li>10 acres of land offering</li>
									<li>9 towers, 4 basement- G+15 Floors</li>
									<li>Dedicated Retail Block for Everyday</li>
                                    <li>Project is Opposite Oracle Office Space</li>
                                    <li>840 Luxury Residences with Double The Amenities</li>
                                </ul>
                            </div>
                            <div class=""buttonGroup"">
                                <div class=""cta_topNew mr20""> <a href=""#"" data-bs-toggle=""modal"" data-bs-target=""#myModal"" data-title=""Download Brochure"">Download Brochure</a></div>
                                <div class=""cta_topNew""> <a href=""#"" data-bs-toggle=""modal"" data-bs-target=""#myModal"" data-title=""Book Site Visit Now"">Book Site Visit Now</a></div>
                            </div>

                           <!--  <div class=""buttonGroup"">

                            <div class=""nav-link brochure_link"" href=""#"" data-bs-toggle=""modal"" data-bs-target=""#myModal"" data-title=""3"">Book Now</div>

                            <div class=""nav-link brochure_link"" href=""#"" data-bs-toggle=""modal"" data-bs-target=""#myModal"" data-title=""4"">Book Now</div>


                            </div> -->"
"rjwerw","<h3>Project Highlights</h3>
                                <ul>
                                     <li>10 acres of land offering</li>
									<li>9 towers, 4 basement- G+15 Floors</li>
									<li>Dedicated Retail Block for Everyday</li>
                                    <li>Project is Opposite Oracle Office Space</li>
                                    <li>840 Luxury Residences with Double The Amenities</li>
                                </ul>"
"kjrw","https://www.godrejyelahanka.in/#"
"kr","https://www.godrejyelahanka.in/#"
"wr","https://www.godrejyelahanka.in/#"
"er","<li class=""nav-item""> <a class=""nav-link"" href=""https://www.godrejyelahanka.in/"">Home </a> </li>
                                <li class=""nav-item""> <a class=""nav-link"" href=""price.html"">Area &amp; Pricing </a> </li>
                                <li class=""nav-item""> <a class=""nav-link"" href=""floorplan.html"">Floor Plan</a> </li>
                                <li class=""nav-item""> <a class=""nav-link"" href=""gallery.html"">Gallery</a> </li>
                                <li class=""nav-item""> <a class=""nav-link"" href=""amenities.html"">Amenities </a> </li>
                                <li class=""nav-item mr35""> <a class=""nav-link"" href=""location.html"">Location</a> </li>

                                <li class=""nav-item hideMobile ml mr35"">
                                    <i class=""fa fa-phone"" aria-hidden=""true""></i>
                                    <a class=""nav-link1"" href=""tel:+918618473680""> +91-8618473680
                                    </a>
                                </li>


                                <li class=""nav-item"">
                                    <div class=""nav-link brochure_link"" href=""#"" data-bs-toggle=""modal"" data-bs-target=""#myModal"" data-title=""Book Now"">Book Now</div>
                                </li>"
"wef","+91-8618473680"
"rw","https://www.godrejyelahanka.in/#"
"erw","https://www.godrejyelahanka.in/location.html"
"erer","https://www.godrejyelahanka.in/amenities.html"
"erwr","https://www.godrejyelahanka.in/gallery.html"
"rda","https://www.godrejyelahanka.in/floorplan.html"
"rqg","https://www.godrejyelahanka.in/price.html"
"tedf","https://www.godrejyelahanka.in/images/logo.jpg?v=1"
"gwefg","https://www.godrejyelahanka.in/images/desktopElevation1.jpg?v=1"
"sf","Enquire Now"
"wefg","https://www.godrejyelahanka.in/images/banner-offer.gif"
"gew","https://www.godrejyelahanka.in/images/amenities_img.jpg?v=1"
"gewg","<a href=""https://www.godrejyelahanka.in/"" style=""color:#969696;"">Godrej Yelahanka</a> is an upcoming premium residential project strategically located in North Bangalore, opposite Oracle Office Space. Spanning across 12 acres of prime land, this development by Godrej Properties is set to redefine luxury living with its thoughtfully designed apartments and world-class amenities.<br><br>



<strong>A Smart Investment Opportunity</strong><br>


Bangalore's real estate market has consistently shown strong appreciation, making it a lucrative choice for investors. With its prime location, superior construction quality, and the trusted legacy of Godrej Properties, this project in Yelahanka is an ideal investment for homebuyers looking for long-term value and high returns."
"gww","Godrej Yelahanka Bangalore Overview"
"gewgh","<h4 class=""subHeading"">About Us</h4>
                            <h2 class=""heading1"">Godrej Yelahanka Bangalore Overview</h2>"
"ghrhv","https://www.godrejyelahanka.in/#"
"grgwwr","Godrej Yelahanka Area & Pricing"
"gwgrwg","<div class=""areaPriceheading"">
                <h4 class=""subHeading text-center"">
                    <span>&nbsp; Area &amp; Pricing &nbsp;</span></h4>
                <h2 class=""heading2 text-center"">Godrej Yelahanka Area &amp; Pricing</h2>
            </div>
            <div class=""row"">
                <div class=""col-lg-6 col-md-6 apImg"">
                    <div class=""container"">        
                        <div class=""table-responsive"">
                            <table class=""table table-light table-striped"">
                                <thead>
                                    <tr>
                                        <th>Type</th>
                                        <th>Super Built-Up Area</th>
                                        <th>Price</th>
                                        <th></th>
                                    </tr>
                                </thead>
                                <tbody>
                                
                                 <tr>
                                        <td data-label=""Type""><strong>3 BHK</strong></td>
                                        <td data-label=""Carpet Area"">1600* sq.ft</td>
                                        <td data-label=""Price"">₹ 2.70 Cr* Onwards</td>
                                        <td class=""tableBtn""> <div class=""nav-link brochure_link"" href=""#"" data-bs-toggle=""modal"" data-bs-target=""#myModal"" data-title=""Price Breakup"">Price Breakup</div></td>
                                    </tr>
                                
                                    <tr>
                                        <td data-label=""Type""><strong>3 BHK</strong></td>
                                        <td data-label=""Carpet Area"">1900* sq.ft</td>
                                        <td data-label=""Price"">₹ 3.42 Cr.* Onwards</td>
                                        <td class=""tableBtn""> <div class=""nav-link brochure_link"" href=""#"" data-bs-toggle=""modal"" data-bs-target=""#myModal"" data-title=""Price Breakup"">Price Breakup</div></td>
                                    </tr>
                                    
                                    <tr>
                                        <td data-label=""Type""><strong>3.5 BHK</strong></td>
                                        <td data-label=""Carpet Area"">2150* sq.ft</td>
                                        <td data-label=""Price"">₹ 3.87 Cr.* Onwards</td>
                                        <td class=""tableBtn""> <div class=""nav-link brochure_link"" href=""#"" data-bs-toggle=""modal"" data-bs-target=""#myModal"" data-title=""Price Breakup"">Price Breakup</div></td>
                                    </tr>
									
									<tr>
                                        <td data-label=""Type""><strong>4.5 BHK</strong></td>
                                        <td data-label=""Carpet Area"">2500* sq.ft</td>
                                        <td data-label=""Price"">₹ 4.50 Cr. Onwards</td>
                                        <td class=""tableBtn""> <div class=""nav-link brochure_link"" href=""#"" data-bs-toggle=""modal"" data-bs-target=""#myModal"" data-title=""Price Breakup"">Price Breakup</div></td>
                                    </tr>
                                  
                                    </tbody>
                            </table>
                        </div>
                    </div>



                  
                </div>
                <div class=""col-lg-6 col-md-6 fpImg padd"">
                    <div class=""gallery_bg"">
                        <div id=""amenities"" class=""amenitiesNew carousel slide pointer-event"" href="""" data-bs-toggle=""modal"" data-bs-target=""#myModal"" data-title=""Complete Costing Details"">
                            <div class=""carousel-inner"">
                                <div class=""carousel-item active"">
                                    <div class=""fpImg-border"">
                                        <img src=""images/costingDetail.jpg?v=1"" alt=""Godrej Yelahanka"">
                                    </div>
                                </div>
                            </div>
                        </div>
                    </div>
                    <br>
                    <div class=""nav-link brochure_link"" href="""" data-bs-toggle=""modal"" data-bs-target=""#myModal"" data-title=""Complete Costing Details"">Complete Costing Details</div>
                </div>
            </div>"
"rwrg","AREA & PRICING"
"wgrwg","<h4 class=""subHeading text-center"">
                    <span>&nbsp; Area &amp; Pricing &nbsp;</span></h4>
                <h2 class=""heading2 text-center"">Godrej Yelahanka Area &amp; Pricing</h2>"
"wrgwg","https://www.godrejyelahanka.in/images/costingDetail.jpg?v=1"
"rwgwg","<thead>
                                    <tr>
                                        <th>Type</th>
                                        <th>Super Built-Up Area</th>
                                        <th>Price</th>
                                        <th></th>
                                    </tr>
                                </thead>
                                <tbody>
                                
                                 <tr>
                                        <td data-label=""Type""><strong>3 BHK</strong></td>
                                        <td data-label=""Carpet Area"">1600* sq.ft</td>
                                        <td data-label=""Price"">₹ 2.70 Cr* Onwards</td>
                                        <td class=""tableBtn""> <div class=""nav-link brochure_link"" href=""#"" data-bs-toggle=""modal"" data-bs-target=""#myModal"" data-title=""Price Breakup"">Price Breakup</div></td>
                                    </tr>
                                
                                    <tr>
                                        <td data-label=""Type""><strong>3 BHK</strong></td>
                                        <td data-label=""Carpet Area"">1900* sq.ft</td>
                                        <td data-label=""Price"">₹ 3.42 Cr.* Onwards</td>
                                        <td class=""tableBtn""> <div class=""nav-link brochure_link"" href=""#"" data-bs-toggle=""modal"" data-bs-target=""#myModal"" data-title=""Price Breakup"">Price Breakup</div></td>
                                    </tr>
                                    
                                    <tr>
                                        <td data-label=""Type""><strong>3.5 BHK</strong></td>
                                        <td data-label=""Carpet Area"">2150* sq.ft</td>
                                        <td data-label=""Price"">₹ 3.87 Cr.* Onwards</td>
                                        <td class=""tableBtn""> <div class=""nav-link brochure_link"" href=""#"" data-bs-toggle=""modal"" data-bs-target=""#myModal"" data-title=""Price Breakup"">Price Breakup</div></td>
                                    </tr>
									
									<tr>
                                        <td data-label=""Type""><strong>4.5 BHK</strong></td>
                                        <td data-label=""Carpet Area"">2500* sq.ft</td>
                                        <td data-label=""Price"">₹ 4.50 Cr. Onwards</td>
                                        <td class=""tableBtn""> <div class=""nav-link brochure_link"" href=""#"" data-bs-toggle=""modal"" data-bs-target=""#myModal"" data-title=""Price Breakup"">Price Breakup</div></td>
                                    </tr>
                                  
                                    </tbody>"
"rwgwgr","https://www.godrejyelahanka.in/#"
"wrgwgr","₹ 2.70 Cr* Onwards"
"rwgg","1600* sq.ft"
"rwg","<td data-label=""Type""><strong>3 BHK</strong></td>
                                        <td data-label=""Carpet Area"">1600* sq.ft</td>
                                        <td data-label=""Price"">₹ 2.70 Cr* Onwards</td>
                                        <td class=""tableBtn""> <div class=""nav-link brochure_link"" href=""#"" data-bs-toggle=""modal"" data-bs-target=""#myModal"" data-title=""Price Breakup"">Price Breakup</div></td>"
"rwgh","₹ 3.42 Cr.* Onwards"
"hrwr","https://www.godrejyelahanka.in/#"
"gwsv","1900* sq.ft"
"efwgt","<td data-label=""Type""><strong>3 BHK</strong></td>
                                        <td data-label=""Carpet Area"">1900* sq.ft</td>
                                        <td data-label=""Price"">₹ 3.42 Cr.* Onwards</td>
                                        <td class=""tableBtn""> <div class=""nav-link brochure_link"" href=""#"" data-bs-toggle=""modal"" data-bs-target=""#myModal"" data-title=""Price Breakup"">Price Breakup</div></td>"
"esgv","<td data-label=""Type""><strong>3.5 BHK</strong></td>
                                        <td data-label=""Carpet Area"">2150* sq.ft</td>
                                        <td data-label=""Price"">₹ 3.87 Cr.* Onwards</td>
                                        <td class=""tableBtn""> <div class=""nav-link brochure_link"" href=""#"" data-bs-toggle=""modal"" data-bs-target=""#myModal"" data-title=""Price Breakup"">Price Breakup</div></td>"
"efeg","3.5 BHK	2150* sq.ft	₹ 3.87 Cr.* Onwards	Price Breakup"
"ewfs","<div class=""col-lg-6 col-md-6 apImg"">
                    <div class=""container"">        
                        <div class=""table-responsive"">
                            <table class=""table table-light table-striped"">
                                <thead>
                                    <tr>
                                        <th>Type</th>
                                        <th>Super Built-Up Area</th>
                                        <th>Price</th>
                                        <th></th>
                                    </tr>
                                </thead>
                                <tbody>
                                
                                 <tr>
                                        <td data-label=""Type""><strong>3 BHK</strong></td>
                                        <td data-label=""Carpet Area"">1600* sq.ft</td>
                                        <td data-label=""Price"">₹ 2.70 Cr* Onwards</td>
                                        <td class=""tableBtn""> <div class=""nav-link brochure_link"" href=""#"" data-bs-toggle=""modal"" data-bs-target=""#myModal"" data-title=""Price Breakup"">Price Breakup</div></td>
                                    </tr>
                                
                                    <tr>
                                        <td data-label=""Type""><strong>3 BHK</strong></td>
                                        <td data-label=""Carpet Area"">1900* sq.ft</td>
                                        <td data-label=""Price"">₹ 3.42 Cr.* Onwards</td>
                                        <td class=""tableBtn""> <div class=""nav-link brochure_link"" href=""#"" data-bs-toggle=""modal"" data-bs-target=""#myModal"" data-title=""Price Breakup"">Price Breakup</div></td>
                                    </tr>
                                    
                                    <tr>
                                        <td data-label=""Type""><strong>3.5 BHK</strong></td>
                                        <td data-label=""Carpet Area"">2150* sq.ft</td>
                                        <td data-label=""Price"">₹ 3.87 Cr.* Onwards</td>
                                        <td class=""tableBtn""> <div class=""nav-link brochure_link"" href=""#"" data-bs-toggle=""modal"" data-bs-target=""#myModal"" data-title=""Price Breakup"">Price Breakup</div></td>
                                    </tr>
									
									<tr>
                                        <td data-label=""Type""><strong>4.5 BHK</strong></td>
                                        <td data-label=""Carpet Area"">2500* sq.ft</td>
                                        <td data-label=""Price"">₹ 4.50 Cr. Onwards</td>
                                        <td class=""tableBtn""> <div class=""nav-link brochure_link"" href=""#"" data-bs-toggle=""modal"" data-bs-target=""#myModal"" data-title=""Price Breakup"">Price Breakup</div></td>
                                    </tr>
                                  
                                    </tbody>
                            </table>
                        </div>
                    </div>



                  
                </div>
                <div class=""col-lg-6 col-md-6 fpImg padd"">
                    <div class=""gallery_bg"">
                        <div id=""amenities"" class=""amenitiesNew carousel slide pointer-event"" href="""" data-bs-toggle=""modal"" data-bs-target=""#myModal"" data-title=""Complete Costing Details"">
                            <div class=""carousel-inner"">
                                <div class=""carousel-item active"">
                                    <div class=""fpImg-border"">
                                        <img src=""images/costingDetail.jpg?v=1"" alt=""Godrej Yelahanka"">
                                    </div>
                                </div>
                            </div>
                        </div>
                    </div>
                    <br>
                    <div class=""nav-link brochure_link"" href="""" data-bs-toggle=""modal"" data-bs-target=""#myModal"" data-title=""Complete Costing Details"">Complete Costing Details</div>
                </div>"
"ewfsd","<div class=""col-lg-6 col-md-6 apImg"">
                    <div class=""container"">        
                        <div class=""table-responsive"">
                            <table class=""table table-light table-striped"">
                                <thead>
                                    <tr>
                                        <th>Type</th>
                                        <th>Super Built-Up Area</th>
                                        <th>Price</th>
                                        <th></th>
                                    </tr>
                                </thead>
                                <tbody>
                                
                                 <tr>
                                        <td data-label=""Type""><strong>3 BHK</strong></td>
                                        <td data-label=""Carpet Area"">1600* sq.ft</td>
                                        <td data-label=""Price"">₹ 2.70 Cr* Onwards</td>
                                        <td class=""tableBtn""> <div class=""nav-link brochure_link"" href=""#"" data-bs-toggle=""modal"" data-bs-target=""#myModal"" data-title=""Price Breakup"">Price Breakup</div></td>
                                    </tr>
                                
                                    <tr>
                                        <td data-label=""Type""><strong>3 BHK</strong></td>
                                        <td data-label=""Carpet Area"">1900* sq.ft</td>
                                        <td data-label=""Price"">₹ 3.42 Cr.* Onwards</td>
                                        <td class=""tableBtn""> <div class=""nav-link brochure_link"" href=""#"" data-bs-toggle=""modal"" data-bs-target=""#myModal"" data-title=""Price Breakup"">Price Breakup</div></td>
                                    </tr>
                                    
                                    <tr>
                                        <td data-label=""Type""><strong>3.5 BHK</strong></td>
                                        <td data-label=""Carpet Area"">2150* sq.ft</td>
                                        <td data-label=""Price"">₹ 3.87 Cr.* Onwards</td>
                                        <td class=""tableBtn""> <div class=""nav-link brochure_link"" href=""#"" data-bs-toggle=""modal"" data-bs-target=""#myModal"" data-title=""Price Breakup"">Price Breakup</div></td>
                                    </tr>
									
									<tr>
                                        <td data-label=""Type""><strong>4.5 BHK</strong></td>
                                        <td data-label=""Carpet Area"">2500* sq.ft</td>
                                        <td data-label=""Price"">₹ 4.50 Cr. Onwards</td>
                                        <td class=""tableBtn""> <div class=""nav-link brochure_link"" href=""#"" data-bs-toggle=""modal"" data-bs-target=""#myModal"" data-title=""Price Breakup"">Price Breakup</div></td>
                                    </tr>
                                  
                                    </tbody>
                            </table>
                        </div>
                    </div>



                  
                </div>
                <div class=""col-lg-6 col-md-6 fpImg padd"">
                    <div class=""gallery_bg"">
                        <div id=""amenities"" class=""amenitiesNew carousel slide pointer-event"" href="""" data-bs-toggle=""modal"" data-bs-target=""#myModal"" data-title=""Complete Costing Details"">
                            <div class=""carousel-inner"">
                                <div class=""carousel-item active"">
                                    <div class=""fpImg-border"">
                                        <img src=""images/costingDetail.jpg?v=1"" alt=""Godrej Yelahanka"">
                                    </div>
                                </div>
                            </div>
                        </div>
                    </div>
                    <br>
                    <div class=""nav-link brochure_link"" href="""" data-bs-toggle=""modal"" data-bs-target=""#myModal"" data-title=""Complete Costing Details"">Complete Costing Details</div>
                </div>"
"fwfdef","https://www.godrejyelahanka.in/#"
"efsdv","₹ 4.50 Cr. Onwards"
"efsdvg","<td data-label=""Type""><strong>4.5 BHK</strong></td>
                                        <td data-label=""Carpet Area"">2500* sq.ft</td>
                                        <td data-label=""Price"">₹ 4.50 Cr. Onwards</td>
                                        <td class=""tableBtn""> <div class=""nav-link brochure_link"" href=""#"" data-bs-toggle=""modal"" data-bs-target=""#myModal"" data-title=""Price Breakup"">Price Breakup</div></td>"
"esdfgg","2500* sq.ft"
"efsdfgh","https://www.godrejyelahanka.in/#"
"efsdfg","Complete Costing Details"
"wesfdg","3 BHK"
"hhrf","Type"
"hgh","Super Built-Up Area"
"j","Price"
"tj","Price Breakup"
"jfj","Price Breakup"
"tfjf","FLOOR PLAN"
"tjf","Godrej Yelahanka Floor Plan"
"tjd","UNIT PLAN LAYOUT"
"tjdtj","MASTER PLAN LAYOUT"
"jdtj","https://www.godrejyelahanka.in/images/mpl.jpg?v=1"
"dtjdtj","https://www.godrejyelahanka.in/images/upl.jpg?v=1"
"jdtjdj","https://www.godrejyelahanka.in/images/upl.jpg?v=1"
"tdjdtj","Show Master Layout Plan"
"jdtjjj","<div class=""floorPlanheading"">
                <h4 class=""subHeading text-center"">
                    <span>&nbsp; Floor Plan &nbsp;</span></h4>
                <h2 class=""heading2 text-center"">Godrej Yelahanka Floor Plan</h2>
            </div>
            <div class=""container"">
                <div class=""row"">
                    <div class=""col-lg-6 col-md-6 fpImg"">
                        <h2 class=""heading1"">Master Plan Layout</h2>
                        <div class=""gallery_bg"">
                            <div id=""amenities"" class=""amenitiesNew carousel slide pointer-event"" href="""" data-bs-toggle=""modal"" data-bs-target=""#myModal"" data-title=""Show Master Layout Plan"">
                                <div class=""carousel-inner"">
                                    <div class=""carousel-item active"">
                                        <div class=""fpImg-border"">
                                            <img src=""images/mpl.jpg?v=1"" alt=""Godrej Yelahanka"">
                                        </div>
                                    </div>
                                </div>
                            </div>
                        </div>
                        <br>
                        <div class=""nav-link brochure_link"" href="""" data-bs-toggle=""modal"" data-bs-target=""#myModal"" data-title=""Show Master Layout Plan"">Show Master Layout Plan</div>
                    </div>
                    <div class=""col-lg-6 col-md-6 fpImg"">
                        <h2 class=""heading1"">Unit Plan Layout</h2>
                        <div class=""gallery_bg"">
                            <div id=""amenities"" class=""amenitiesNew carousel slide pointer-event"" href="""" data-bs-toggle=""modal"" data-bs-target=""#myModal"" data-title=""Show Unit Plan"">
                                <div class=""carousel-inner"">
                                    <div class=""carousel-item active"">
                                        <div class=""fpImg-border"">
                                            <img src=""images/upl.jpg?v=1"" alt=""Godrej Yelahanka"">
                                        </div>
                                    </div>
                                </div>
                            </div>
                        </div>
                        <br>
                        <div class=""nav-link brochure_link"" href="""" data-bs-toggle=""modal"" data-bs-target=""#myModal"" data-title=""Show Unit Plan"">Show Unit Plan</div>
                    </div>
                </div>
            </div>"
"jdtjjjj","<h4 class=""subHeading text-center"">
                    <span>&nbsp; Gallery &nbsp;</span></h4>
                <h2 class=""heading2 text-center"">Gallery of Godrej Yelahanka</h2>"
"tjttj","GALLERY"
"jdjt","Gallery of Godrej Yelahanka"
"tdjhdj","https://www.godrejyelahanka.in/images/gallery2.jpg"
"dthdhhdth","https://www.godrejyelahanka.in/images/gallery3.jpg"
"dthdth","https://www.godrejyelahanka.in/images/gallery1.jpg"
"tdhdth","Godrej Yelahanka"
"dhdthd","<div class=""client-slider slick-initialized slick-slider"" role=""region"" aria-label=""carousel""><button type=""button"" class=""slick-autoplay-toggle-button""><span class=""slick-pause-icon"" aria-hidden=""true""></span><span class=""slick-play-icon"" aria-hidden=""true"" style=""display: none;""></span><span class=""slick-pause-text slick-sr-only"">Pause</span><span class=""slick-play-text slick-sr-only"" style=""display: none"">Play</span></button><img class=""a-left control-c prev slick-prev slick-arrow"" src=""images/arrowLeft.png"" style=""""><div class=""slick-list draggable""><div class=""slick-track"" style=""opacity: 1; width: 5580px; transform: translate3d(-2976px, 0px, 0px);""><div class=""slick-slide slick-cloned"" data-slick-index=""-3"" role=""group"" aria-label=""slide 4"" id="""" aria-hidden=""true"" style=""width: 352px;""><div><div class=""card"" style=""width: 100%; display: inline-block;"">
                        <div class=""image"">
                            <img src=""images/gallery4.jpg"" alt=""Godrej Yelahanka"">
                        </div>
                        <p>Godrej Yelahanka</p>
                    </div></div></div><div class=""slick-slide slick-cloned"" data-slick-index=""-2"" role=""group"" aria-label=""slide 5"" id="""" aria-hidden=""true"" style=""width: 352px;""><div><div class=""card"" style=""width: 100%; display: inline-block;"">
                        <div class=""image"">
                            <img src=""images/gallery5.jpg"" alt=""Godrej Yelahanka"">
                        </div>
                        <p>Godrej Yelahanka</p>
                    </div></div></div><div class=""slick-slide slick-cloned"" data-slick-index=""-1"" role=""group"" aria-label=""slide 6"" id="""" aria-hidden=""true"" style=""width: 352px;""><div><div class=""card"" style=""width: 100%; display: inline-block;"">
                        <div class=""image"">
                            <img src=""images/gallery6.jpg"" alt=""Godrej Yelahanka"">
                        </div>
                        <p>Godrej Yelahanka</p>
                    </div></div></div><div class=""slick-slide"" data-slick-index=""0"" role=""group"" aria-label=""slide 1"" style=""width: 352px;"" aria-hidden=""true""><div><div class=""card"" style=""width: 100%; display: inline-block;"">
                        <div class=""image"">
                            <img src=""images/gallery1.jpg"" alt=""Godrej Yelahanka"">
                        </div>
                        <p>Godrej Yelahanka</p>
                    </div></div></div><div class=""slick-slide"" data-slick-index=""1"" role=""group"" aria-label=""slide 2"" style=""width: 352px;"" aria-hidden=""true""><div><div class=""card"" style=""width: 100%; display: inline-block;"">
                        <div class=""image"">
                            <img src=""images/gallery2.jpg"" alt=""Godrej Yelahanka"">
                        </div>
                        <p>Godrej Yelahanka</p>
                    </div></div></div><div class=""slick-slide"" data-slick-index=""2"" role=""group"" aria-label=""slide 3"" style=""width: 352px;"" aria-hidden=""true""><div><div class=""card"" style=""width: 100%; display: inline-block;"">
                        <div class=""image"">
                            <img src=""images/gallery3.jpg"" alt=""Godrej Yelahanka"">
                        </div>
                        <p>Godrej Yelahanka</p>
                    </div></div></div><div class=""slick-slide"" data-slick-index=""3"" role=""group"" aria-label=""slide 4"" style=""width: 352px;"" aria-hidden=""true""><div><div class=""card"" style=""width: 100%; display: inline-block;"">
                        <div class=""image"">
                            <img src=""images/gallery4.jpg"" alt=""Godrej Yelahanka"">
                        </div>
                        <p>Godrej Yelahanka</p>
                    </div></div></div><div class=""slick-slide"" data-slick-index=""4"" role=""group"" aria-label=""slide 5"" style=""width: 352px;"" aria-hidden=""true""><div><div class=""card"" style=""width: 100%; display: inline-block;"">
                        <div class=""image"">
                            <img src=""images/gallery5.jpg"" alt=""Godrej Yelahanka"">
                        </div>
                        <p>Godrej Yelahanka</p>
                    </div></div></div><div class=""slick-slide slick-current slick-active"" data-slick-index=""5"" role=""group"" aria-label=""slide 6"" style=""width: 352px;""><div><div class=""card"" style=""width: 100%; display: inline-block;"">
                        <div class=""image"">
                            <img src=""images/gallery6.jpg"" alt=""Godrej Yelahanka"">
                        </div>
                        <p>Godrej Yelahanka</p>
                    </div></div></div><div class=""slick-slide slick-cloned slick-active"" data-slick-index=""6"" role=""group"" aria-label=""slide 1"" id="""" style=""width: 352px;""><div><div class=""card"" style=""width: 100%; display: inline-block;"">
                        <div class=""image"">
                            <img src=""images/gallery1.jpg"" alt=""Godrej Yelahanka"">
                        </div>
                        <p>Godrej Yelahanka</p>
                    </div></div></div><div class=""slick-slide slick-cloned slick-active"" data-slick-index=""7"" role=""group"" aria-label=""slide 2"" id="""" style=""width: 352px;""><div><div class=""card"" style=""width: 100%; display: inline-block;"">
                        <div class=""image"">
                            <img src=""images/gallery2.jpg"" alt=""Godrej Yelahanka"">
                        </div>
                        <p>Godrej Yelahanka</p>
                    </div></div></div><div class=""slick-slide slick-cloned"" data-slick-index=""8"" role=""group"" aria-label=""slide 3"" id="""" aria-hidden=""true"" style=""width: 352px;""><div><div class=""card"" style=""width: 100%; display: inline-block;"">
                        <div class=""image"">
                            <img src=""images/gallery3.jpg"" alt=""Godrej Yelahanka"">
                        </div>
                        <p>Godrej Yelahanka</p>
                    </div></div></div><div class=""slick-slide slick-cloned"" data-slick-index=""9"" role=""group"" aria-label=""slide 4"" id="""" aria-hidden=""true"" style=""width: 352px;""><div><div class=""card"" style=""width: 100%; display: inline-block;"">
                        <div class=""image"">
                            <img src=""images/gallery4.jpg"" alt=""Godrej Yelahanka"">
                        </div>
                        <p>Godrej Yelahanka</p>
                    </div></div></div><div class=""slick-slide slick-cloned"" data-slick-index=""10"" role=""group"" aria-label=""slide 5"" id="""" aria-hidden=""true"" style=""width: 352px;""><div><div class=""card"" style=""width: 100%; display: inline-block;"">
                        <div class=""image"">
                            <img src=""images/gallery5.jpg"" alt=""Godrej Yelahanka"">
                        </div>
                        <p>Godrej Yelahanka</p>
                    </div></div></div><div class=""slick-slide slick-cloned"" data-slick-index=""11"" role=""group"" aria-label=""slide 6"" id="""" aria-hidden=""true"" style=""width: 352px;""><div><div class=""card"" style=""width: 100%; display: inline-block;"">
                        <div class=""image"">
                            <img src=""images/gallery6.jpg"" alt=""Godrej Yelahanka"">
                        </div>
                        <p>Godrej Yelahanka</p>
                    </div></div></div></div></div><img class=""a-right control-c next slick-next slick-arrow"" src=""images/arrowRight.png"" style=""""></div>
                <div class=""nav-link brochure_link"" href=""#"" data-bs-toggle=""modal"" data-bs-target=""#myModal"" data-title=""Instant Call Back"">Instant Call Back</div>"
"dhdz","Godrej Yelahanka"
"hzdthz","<button type=""button"" class=""slick-autoplay-toggle-button""><span class=""slick-pause-icon"" aria-hidden=""true""></span><span class=""slick-play-icon"" aria-hidden=""true"" style=""display: none;""></span><span class=""slick-pause-text slick-sr-only"">Pause</span><span class=""slick-play-text slick-sr-only"" style=""display: none"">Play</span></button><img class=""a-left control-c prev slick-prev slick-arrow"" src=""images/arrowLeft.png"" style=""""><div class=""slick-list draggable""><div class=""slick-track"" style=""opacity: 1; width: 5580px; transform: translate3d(-2976px, 0px, 0px);""><div class=""slick-slide slick-cloned"" data-slick-index=""-3"" role=""group"" aria-label=""slide 4"" id="""" aria-hidden=""true"" style=""width: 352px;""><div><div class=""card"" style=""width: 100%; display: inline-block;"">
                        <div class=""image"">
                            <img src=""images/gallery4.jpg"" alt=""Godrej Yelahanka"">
                        </div>
                        <p>Godrej Yelahanka</p>
                    </div></div></div><div class=""slick-slide slick-cloned"" data-slick-index=""-2"" role=""group"" aria-label=""slide 5"" id="""" aria-hidden=""true"" style=""width: 352px;""><div><div class=""card"" style=""width: 100%; display: inline-block;"">
                        <div class=""image"">
                            <img src=""images/gallery5.jpg"" alt=""Godrej Yelahanka"">
                        </div>
                        <p>Godrej Yelahanka</p>
                    </div></div></div><div class=""slick-slide slick-cloned"" data-slick-index=""-1"" role=""group"" aria-label=""slide 6"" id="""" aria-hidden=""true"" style=""width: 352px;""><div><div class=""card"" style=""width: 100%; display: inline-block;"">
                        <div class=""image"">
                            <img src=""images/gallery6.jpg"" alt=""Godrej Yelahanka"">
                        </div>
                        <p>Godrej Yelahanka</p>
                    </div></div></div><div class=""slick-slide"" data-slick-index=""0"" role=""group"" aria-label=""slide 1"" style=""width: 352px;"" aria-hidden=""true""><div><div class=""card"" style=""width: 100%; display: inline-block;"">
                        <div class=""image"">
                            <img src=""images/gallery1.jpg"" alt=""Godrej Yelahanka"">
                        </div>
                        <p>Godrej Yelahanka</p>
                    </div></div></div><div class=""slick-slide"" data-slick-index=""1"" role=""group"" aria-label=""slide 2"" style=""width: 352px;"" aria-hidden=""true""><div><div class=""card"" style=""width: 100%; display: inline-block;"">
                        <div class=""image"">
                            <img src=""images/gallery2.jpg"" alt=""Godrej Yelahanka"">
                        </div>
                        <p>Godrej Yelahanka</p>
                    </div></div></div><div class=""slick-slide"" data-slick-index=""2"" role=""group"" aria-label=""slide 3"" style=""width: 352px;"" aria-hidden=""true""><div><div class=""card"" style=""width: 100%; display: inline-block;"">
                        <div class=""image"">
                            <img src=""images/gallery3.jpg"" alt=""Godrej Yelahanka"">
                        </div>
                        <p>Godrej Yelahanka</p>
                    </div></div></div><div class=""slick-slide"" data-slick-index=""3"" role=""group"" aria-label=""slide 4"" style=""width: 352px;"" aria-hidden=""true""><div><div class=""card"" style=""width: 100%; display: inline-block;"">
                        <div class=""image"">
                            <img src=""images/gallery4.jpg"" alt=""Godrej Yelahanka"">
                        </div>
                        <p>Godrej Yelahanka</p>
                    </div></div></div><div class=""slick-slide"" data-slick-index=""4"" role=""group"" aria-label=""slide 5"" style=""width: 352px;"" aria-hidden=""true""><div><div class=""card"" style=""width: 100%; display: inline-block;"">
                        <div class=""image"">
                            <img src=""images/gallery5.jpg"" alt=""Godrej Yelahanka"">
                        </div>
                        <p>Godrej Yelahanka</p>
                    </div></div></div><div class=""slick-slide slick-current slick-active"" data-slick-index=""5"" role=""group"" aria-label=""slide 6"" style=""width: 352px;""><div><div class=""card"" style=""width: 100%; display: inline-block;"">
                        <div class=""image"">
                            <img src=""images/gallery6.jpg"" alt=""Godrej Yelahanka"">
                        </div>
                        <p>Godrej Yelahanka</p>
                    </div></div></div><div class=""slick-slide slick-cloned slick-active"" data-slick-index=""6"" role=""group"" aria-label=""slide 1"" id="""" style=""width: 352px;""><div><div class=""card"" style=""width: 100%; display: inline-block;"">
                        <div class=""image"">
                            <img src=""images/gallery1.jpg"" alt=""Godrej Yelahanka"">
                        </div>
                        <p>Godrej Yelahanka</p>
                    </div></div></div><div class=""slick-slide slick-cloned slick-active"" data-slick-index=""7"" role=""group"" aria-label=""slide 2"" id="""" style=""width: 352px;""><div><div class=""card"" style=""width: 100%; display: inline-block;"">
                        <div class=""image"">
                            <img src=""images/gallery2.jpg"" alt=""Godrej Yelahanka"">
                        </div>
                        <p>Godrej Yelahanka</p>
                    </div></div></div><div class=""slick-slide slick-cloned"" data-slick-index=""8"" role=""group"" aria-label=""slide 3"" id="""" aria-hidden=""true"" style=""width: 352px;""><div><div class=""card"" style=""width: 100%; display: inline-block;"">
                        <div class=""image"">
                            <img src=""images/gallery3.jpg"" alt=""Godrej Yelahanka"">
                        </div>
                        <p>Godrej Yelahanka</p>
                    </div></div></div><div class=""slick-slide slick-cloned"" data-slick-index=""9"" role=""group"" aria-label=""slide 4"" id="""" aria-hidden=""true"" style=""width: 352px;""><div><div class=""card"" style=""width: 100%; display: inline-block;"">
                        <div class=""image"">
                            <img src=""images/gallery4.jpg"" alt=""Godrej Yelahanka"">
                        </div>
                        <p>Godrej Yelahanka</p>
                    </div></div></div><div class=""slick-slide slick-cloned"" data-slick-index=""10"" role=""group"" aria-label=""slide 5"" id="""" aria-hidden=""true"" style=""width: 352px;""><div><div class=""card"" style=""width: 100%; display: inline-block;"">
                        <div class=""image"">
                            <img src=""images/gallery5.jpg"" alt=""Godrej Yelahanka"">
                        </div>
                        <p>Godrej Yelahanka</p>
                    </div></div></div><div class=""slick-slide slick-cloned"" data-slick-index=""11"" role=""group"" aria-label=""slide 6"" id="""" aria-hidden=""true"" style=""width: 352px;""><div><div class=""card"" style=""width: 100%; display: inline-block;"">
                        <div class=""image"">
                            <img src=""images/gallery6.jpg"" alt=""Godrej Yelahanka"">
                        </div>
                        <p>Godrej Yelahanka</p>
                    </div></div></div></div></div><img class=""a-right control-c next slick-next slick-arrow"" src=""images/arrowRight.png"" style="""">"
"ntd","Godrej Yelahanka"
"zhn","https://www.godrejyelahanka.in/images/gallery4.jpg"
"dzndzt","https://www.godrejyelahanka.in/images/gallery5.jpg"
"ndnd","Godrej Yelahanka"
"ndtn","https://www.godrejyelahanka.in/#"
"ndtndtnd","<h4 class=""subHeading1"">Amenities</h4>
                            <h2 class=""heading1"">Amenities of Godrej Yelahanka</h2>"
"ztj","AMENITIES"
"jtjdz","Step into the coastal elegance of Godrej Yelahanka, an intricately crafted sanctuary that draws direct inspiration from nature. Let your eyes, soul, and mind have the pleasure of this exquisite viewing for life. Where environment-inspired patterns blissfully merge into your everyday life. One of the top 100 architects in the world, this destination promises you a haven that will leave generations to come as spellbound as you are. Ascend to the viewing deck for panoramic views that capture the essence of this coastal paradise.<br><br>
                                <span>
                                    Bird Baths | Cabana Shack | Hangout Spaces | Swimming Pool | Club House | Hammock Corner | Jogging Track | Open-Air SitOut | Outdoor Spa | Amphitheatre | Gym | Indoor Games | Pantry | Party Lawn | Pet Zone | Guest Roooms | Rock Climbing</span>"
"zjzdj","https://www.godrejyelahanka.in/images/amenities_img1.jpg?v=1"
"dzjzdj","https://www.godrejyelahanka.in/#"
"jzdtzdjt","<h4 class=""subHeading2"">Project Connectivity</h4>
                                    <h2 class=""heading2"">Location Advantages<span></span></h2>"
"zdtjzdj","Near School"
"dzjzjd","Near Entertainment Zone"
"zdjzd","Near Hospital"
"jtzdtjtj","Near Park"
"zjzj","Near Malls"
"zjzjtz","https://www.godrejyelahanka.in/#"
"jtj","Why Choose Godrej Yelahanka Bangalore Project?"
"zdtjzdt","<strong>Prime Location with Excellent Connectivity</strong><br>


Godrej Yelahanka is strategically located in North Bangalore, a well-established residential and commercial hub. The project is situated opposite Oracle Office Space and enjoys seamless connectivity to major IT parks, NH 44, and the Outer Ring Road. Additionally, it offers easy access to Kempegowda International Airport, making it a convenient choice for frequent travelers and working professionals.<br>
<br>


<strong>Premium Apartments with Modern Design</strong><br>


The project offers high-quality residential apartments designed with contemporary architecture and spacious layouts. With premium fittings, ample natural light, and well-ventilated interiors, every home in Godrej Yelahanka is built to provide maximum comfort and luxury.<br>
<br>


<strong>World-Class Amenities for a Luxurious Lifestyle</strong><br>


Residents of Godrej Yelahanka can enjoy a host of modern amenities, including a state-of-the-art clubhouse, a fully equipped gym, landscaped gardens, a swimming pool, a children's play area, jogging tracks, and dedicated spaces for leisure and wellness activities. The project is designed to provide a perfect balance of comfort, recreation, and green spaces.<br>
<br>


<strong>A Smart Investment with High Returns</strong><br>


Bangalore's real estate market has shown consistent growth, especially in emerging locations like Yelahanka. With the backing of Godrej Properties, known for its superior construction quality and timely project delivery, investing in this project ensures long-term value appreciation and high rental demand.<br>
<br>


<strong>Sustainable and Secure Living</strong><br>


Godrej Yelahanka is designed with eco-friendly features, including rainwater harvesting, energy-efficient systems, and green landscapes. The project also prioritizes safety with 24/7 security, CCTV surveillance, and a well-managed gated community, ensuring a secure environment for residents.<br><br>

<strong>Note</strong><br>
 <a href=""https://www.godrejyelahanka.in/blog/godrej-yelahanka-eoi-open-book-with-10-lakhs/"" style=""color:#333333;"">EOI Window Open Now</a>"
"hdth","<h2 class=""col-12 text-center fw-bold my-4"" style=""letter-spacing: 1px;"">Why Choose Godrej Yelahanka Bangalore Project?</h2>
                <div class=""col-12 px-3 amt_text"" style=""text-align:justify;"">
                    <p style=""text-align:justify;""><br>
</p><p><strong>Prime Location with Excellent Connectivity</strong><br>


Godrej Yelahanka is strategically located in North Bangalore, a well-established residential and commercial hub. The project is situated opposite Oracle Office Space and enjoys seamless connectivity to major IT parks, NH 44, and the Outer Ring Road. Additionally, it offers easy access to Kempegowda International Airport, making it a convenient choice for frequent travelers and working professionals.<br>
<br>


<strong>Premium Apartments with Modern Design</strong><br>


The project offers high-quality residential apartments designed with contemporary architecture and spacious layouts. With premium fittings, ample natural light, and well-ventilated interiors, every home in Godrej Yelahanka is built to provide maximum comfort and luxury.<br>
<br>


<strong>World-Class Amenities for a Luxurious Lifestyle</strong><br>


Residents of Godrej Yelahanka can enjoy a host of modern amenities, including a state-of-the-art clubhouse, a fully equipped gym, landscaped gardens, a swimming pool, a children's play area, jogging tracks, and dedicated spaces for leisure and wellness activities. The project is designed to provide a perfect balance of comfort, recreation, and green spaces.<br>
<br>


<strong>A Smart Investment with High Returns</strong><br>


Bangalore's real estate market has shown consistent growth, especially in emerging locations like Yelahanka. With the backing of Godrej Properties, known for its superior construction quality and timely project delivery, investing in this project ensures long-term value appreciation and high rental demand.<br>
<br>


<strong>Sustainable and Secure Living</strong><br>


Godrej Yelahanka is designed with eco-friendly features, including rainwater harvesting, energy-efficient systems, and green landscapes. The project also prioritizes safety with 24/7 security, CCTV surveillance, and a well-managed gated community, ensuring a secure environment for residents.<br><br>

<strong>Note</strong><br>
 <a href=""https://www.godrejyelahanka.in/blog/godrej-yelahanka-eoi-open-book-with-10-lakhs/"" style=""color:#333333;"">EOI Window Open Now</a>



</p>
                    
                    </div>"
"dzhdzh","Prime Location with Excellent Connectivity
Godrej Yelahanka is strategically located in North Bangalore, a well-established residential and commercial hub. The project is situated opposite Oracle Office Space and enjoys seamless connectivity to major IT parks, NH 44, and the Outer Ring Road. Additionally, it offers easy access to Kempegowda International Airport, making it a convenient choice for frequent travelers and working professionals.

Premium Apartments with Modern Design
The project offers high-quality residential apartments designed with contemporary architecture and spacious layouts. With premium fittings, ample natural light, and well-ventilated interiors, every home in Godrej Yelahanka is built to provide maximum comfort and luxury.

World-Class Amenities for a Luxurious Lifestyle
Residents of Godrej Yelahanka can enjoy a host of modern amenities, including a state-of-the-art clubhouse, a fully equipped gym, landscaped gardens, a swimming pool, a children's play area, jogging tracks, and dedicated spaces for leisure and wellness activities. The project is designed to provide a perfect balance of comfort, recreation, and green spaces.

A Smart Investment with High Returns
Bangalore's real estate market has shown consistent growth, especially in emerging locations like Yelahanka. With the backing of Godrej Properties, known for its superior construction quality and timely project delivery, investing in this project ensures long-term value appreciation and high rental demand.

Sustainable and Secure Living
Godrej Yelahanka is designed with eco-friendly features, including rainwater harvesting, energy-efficient systems, and green landscapes. The project also prioritizes safety with 24/7 security, CCTV surveillance, and a well-managed gated community, ensuring a secure environment for residents.

Note
EOI Window Open Now"
"dzrhdz","TOUR"
"hdzh","VIDEO"
"dzhdzrh","https://www.godrejyelahanka.in/images/video2.jpg?v=1"
"zdhzdrh","https://www.godrejyelahanka.in/images/video1.jpg?v=1"
"zdrhz","https://www.godrejyelahanka.in/images/video1.jpg?v=1"
